{
  "test_seasons": [
    "2024-25"
  ],
  "n_train": 108384,
  "n_test": 28110,
  "n_players_train": 811,
  "n_players_test": 569,
  "results": [
    {
      "model": "naive (season avg to date)",
      "mae": 4.752645179626943,
      "n": 28110
    },
    {
      "model": "xgboost (mean + 80% interval)",
      "mae": 4.560076968712724,
      "n": 28110,
      "coverage_80": 0.7953753112771256,
      "interval_width": 14.353049278259277
    }
  ],
  "feature_importance": {
    "usage_roll5": 0.35517704486846924,
    "pts_roll10": 0.3389452397823334,
    "pts_season_avg": 0.19465486705303192,
    "pred_minutes": 0.028656210750341415,
    "top2_teammate_out": 0.020034540444612503,
    "pts_roll5": 0.013083460740745068,
    "n_rotation_out": 0.011543224565684795,
    "days_rest": 0.005575563758611679,
    "b2b": 0.004835272207856178,
    "opp_def_rating": 0.004533522296696901,
    "expected_mismatch": 0.004495454952120781,
    "ppm_roll5": 0.00434886384755373,
    "opp_pace": 0.0041083344258368015,
    "opp_def_vs_pos": 0.003987894859164953,
    "usage_trend": 0.0034281080588698387,
    "home": 0.002592400647699833
  }
}