{
  "test_seasons": [
    "2024-25"
  ],
  "n_train": 108384,
  "n_test": 28110,
  "n_players_train": 811,
  "n_players_test": 569,
  "results": [
    {
      "model": "naive (season avg to date)",
      "mae": 4.67633250099691,
      "n": 28110
    },
    {
      "model": "xgboost (mean + 80% interval)",
      "mae": 4.556882081441886,
      "n": 28110,
      "coverage_80": 0.7997509782995376,
      "interval_width": 14.378884315490723
    }
  ],
  "feature_importance": {
    "pts_season_avg": 0.4327135682106018,
    "pts_roll10": 0.24860672652721405,
    "usage_roll5": 0.22612345218658447,
    "top2_teammate_out": 0.026530975475907326,
    "n_rotation_out": 0.01319674588739872,
    "days_rest": 0.010607527568936348,
    "min_roll5": 0.009139382280409336,
    "pts_roll5": 0.006516378838568926,
    "min_roll10": 0.005037183407694101,
    "opp_def_rating": 0.004405347630381584,
    "usage_trend": 0.0037487440276890993,
    "opp_pace": 0.00374444667249918,
    "ppm_roll5": 0.0035318126901984215,
    "b2b": 0.0033303163945674896,
    "home": 0.0027674634475260973
  }
}