{
  "test_seasons": [
    "2024-25"
  ],
  "n_train": 108384,
  "n_test": 28110,
  "n_players_train": 811,
  "n_players_test": 569,
  "results": [
    {
      "model": "naive (season avg to date)",
      "mae": 4.752645179626943,
      "n": 28110
    },
    {
      "model": "xgboost (mean + 80% interval)",
      "mae": 4.5681195697085535,
      "n": 28110,
      "coverage_80": 0.7944859480611882,
      "interval_width": 14.380687713623047
    }
  ],
  "feature_importance": {
    "pts_roll10": 0.38123583793640137,
    "usage_roll5": 0.2760660946369171,
    "pts_season_avg": 0.20677176117897034,
    "pred_minutes": 0.06674831360578537,
    "top2_teammate_out": 0.01904785819351673,
    "n_rotation_out": 0.00856755767017603,
    "ppm_roll5": 0.0054873256012797356,
    "opp_def_rating": 0.004192322958260775,
    "days_rest": 0.003762714331969619,
    "pts_roll5": 0.003721615532413125,
    "opp_pace": 0.0035749792587012053,
    "b2b": 0.003416314721107483,
    "opp_def_vs_pos": 0.0032634164672344923,
    "min_roll5": 0.003171853953972459,
    "usage_trend": 0.002916717203333974,
    "home": 0.0027990909293293953,
    "min_roll10": 0.0026631997898221016,
    "expected_mismatch": 0.0025930001866072416
  }
}