{
  "test_seasons": [
    "2024-25"
  ],
  "n_train": 108384,
  "n_test": 28110,
  "n_players_train": 811,
  "n_players_test": 569,
  "results": [
    {
      "model": "naive (season avg to date)",
      "mae": 4.752645179626943,
      "n": 28110
    },
    {
      "model": "xgboost (mean + 80% interval)",
      "mae": 4.550496508700065,
      "n": 28110,
      "coverage_80": 0.7764852365706154,
      "interval_width": 13.61909008026123
    }
  ],
  "feature_importance": {
    "pts_roll10": 0.5725855231285095,
    "usage_roll5": 0.13294944167137146,
    "pts_season_avg": 0.06980709731578827,
    "pred_minutes": 0.03655147925019264,
    "pts_last3_avg": 0.0351182222366333,
    "n_rotation_out": 0.024422528222203255,
    "pts_roll5": 0.019598420709371567,
    "top2_teammate_out": 0.018799925222992897,
    "pts_vs_opponent_hist": 0.013100117444992065,
    "days_rest": 0.012406592257320881,
    "ppm_roll5": 0.008896825835108757,
    "b2b": 0.008868617005646229,
    "opp_def_vs_pos": 0.008229846134781837,
    "opp_pace": 0.008169436827301979,
    "opp_def_rating": 0.008097481913864613,
    "usage_trend": 0.00789231900125742,
    "expected_mismatch": 0.007830173708498478,
    "home": 0.006675995886325836
  }
}